<?xml version="1.0" encoding="utf-8"?>
<!--/1219543/213367/2.48/6/4/Antenna/-->
<quadcept_library>
  <setting unit="mil" />
  <textstyle name="Default" height="47.244094488189" strokewidth="7.8740157480315" charwidth="47.244094488189" />
  <textstyle name="Dimension" height="19.6850393700787" strokewidth="0" charwidth="19.6850393700787" />
  <textstyle name="H127W0635TH00762" height="50" strokewidth="3" charwidth="25" />
  <textstyle name="H15W15TH02" height="59.0551181102362" strokewidth="7.8740157480315" charwidth="59.0551181102362" />
  <padstyle name="r55_25" surface="True" plated="False" isvia="False" nopaste="False" nomask="True" complex="False" holesize="0">
    <padshape layer="TOP" shape="rectangle" width="9.8425196850392" height="21.653543307086" />
    <padshape layer="TOP_SOLDER_MASK" shape="rectangle" width="17.716535433071" height="29.527559055118" />
    <padshape layer="TOP_SOLDER_PASTE" shape="rectangle" width="9.8425196850392" height="21.653543307086" />
  </padstyle>
  <footprint name="2450BM14A0002T" originx="0" originy="0" pickpointx="0" pickpointy="0">
    <pcbpin number="1" name="1" style="r55_25" originx="19.685039370078" originy="16.732283464567" rotation="0" />
    <pcbpin number="2" name="2" style="r55_25" originx="0" originy="16.732283464567" rotation="0" />
    <pcbpin number="3" name="3" style="r55_25" originx="-19.685039370078" originy="16.732283464567" rotation="0" />
    <pcbpin number="4" name="4" style="r55_25" originx="-19.685039370078" originy="-16.732283464567" rotation="0" />
    <pcbpin number="5" name="5" style="r55_25" originx="0" originy="-16.732283464567" rotation="0" />
    <pcbpin number="6" name="6" style="r55_25" originx="19.685039370078" originy="-16.732283464567" rotation="0" />
    <line layer="TOP_ASSEMBLY" originx="-31.496062992126" originy="15.748031496063" endx="31.496062992126" endy="15.748031496063" width="7.8740157480314" />
    <line layer="TOP_ASSEMBLY" originx="31.496062992126" originy="15.748031496063" endx="31.496062992126" endy="-15.748031496063" width="7.8740157480314" />
    <line layer="TOP_ASSEMBLY" originx="31.496062992126" originy="-15.748031496063" endx="-31.496062992126" endy="-15.748031496063" width="7.8740157480314" />
    <line layer="TOP_ASSEMBLY" originx="-31.496062992126" originy="-15.748031496063" endx="-31.496062992126" endy="15.748031496063" width="7.8740157480314" />
    <line layer="TOP_PLACE_BOUND" originx="-51.181102362204" originy="47.244094488188" endx="51.181102362204" endy="47.244094488188" width="3.9370078740157" />
    <line layer="TOP_PLACE_BOUND" originx="51.181102362204" originy="47.244094488188" endx="51.181102362204" endy="-47.244094488188" width="3.9370078740157" />
    <line layer="TOP_PLACE_BOUND" originx="51.181102362204" originy="-47.244094488188" endx="-51.181102362204" endy="-47.244094488188" width="3.9370078740157" />
    <line layer="TOP_PLACE_BOUND" originx="-51.181102362204" originy="-47.244094488188" endx="-51.181102362204" endy="47.244094488188" width="3.9370078740157" />
    <line layer="TOP_SILKSCREEN" originx="-31.496062992126" originy="16.732283464567" endx="-31.496062992126" endy="-16.732283464567" width="3.9370078740157" />
    <line layer="TOP_SILKSCREEN" originx="31.496062992126" originy="15.748031496063" endx="31.496062992126" endy="-16.732283464567" width="3.9370078740157" />
    <line layer="TOP_SILKSCREEN" originx="17.716535433071" originy="37.401574803149" endx="17.716535433071" endy="37.401574803149" width="3.9370078740157" />
    <arc layer="TOP_SILKSCREEN" originx="19.685039370078" originy="37.401574803149" startangle="180.0" sweepangle="180.0" radius="1.9685039370078" width="3.9370078740157" />
    <line layer="TOP_SILKSCREEN" originx="21.653543307086" originy="37.401574803149" endx="21.653543307086" endy="37.401574803149" width="3.9370078740157" />
    <arc layer="TOP_SILKSCREEN" originx="19.685039370078" originy="37.401574803149" startangle=".0" sweepangle="180.0" radius="1.9685039370078" width="3.9370078740157" />
  </footprint>
  <symbol name="2450BM14A0002T" originx="0" originy="0">
    <line originx="200" originy="100" endx="2300" endy="100" width="0" />
    <line originx="2300" originy="-300" endx="2300" endy="100" width="0" />
    <line originx="2300" originy="-300" endx="200" endy="-300" width="0" />
    <line originx="200" originy="100" endx="200" endy="-300" width="0" />
    <sympin number="1" originx="2300" originy="-200" rotation="0" length="100" width="7.8740157480315" flipped="False">
      <text name="pinname" originx="2270" originy="-200" style="Default" rotation="0" justify="right" flipped="False" hidden="False" data="UNBALANCED_PORT" />
      <text name="pindes" originx="2360" originy="-180" style="Default" rotation="0" justify="lowerleft" flipped="False" hidden="False" data="1" />
    </sympin>
    <sympin number="2" originx="2300" originy="-100" rotation="0" length="100" width="7.8740157480315" flipped="False">
      <text name="pinname" originx="2270" originy="-100" style="Default" rotation="0" justify="right" flipped="False" hidden="False" data="GND" />
      <text name="pindes" originx="2360" originy="-80" style="Default" rotation="0" justify="lowerleft" flipped="False" hidden="False" data="2" />
    </sympin>
    <sympin number="3" originx="2300" originy="0" rotation="0" length="100" width="7.8740157480315" flipped="False">
      <text name="pinname" originx="2270" originy="0" style="Default" rotation="0" justify="right" flipped="False" hidden="False" data="BALANCED_PORT_1" />
      <text name="pindes" originx="2360" originy="20" style="Default" rotation="0" justify="lowerleft" flipped="False" hidden="False" data="3" />
    </sympin>
    <sympin number="4" originx="200" originy="0" rotation="180" length="100" width="7.8740157480315" flipped="False">
      <text name="pinname" originx="230" originy="0" style="Default" rotation="0" justify="left" flipped="False" hidden="False" data="BALANCED_PORT_2" />
      <text name="pindes" originx="140" originy="20" style="Default" rotation="0" justify="lowerright" flipped="False" hidden="False" data="4" />
    </sympin>
    <sympin number="5" originx="200" originy="-100" rotation="180" length="100" width="7.8740157480315" flipped="False">
      <text name="pinname" originx="230" originy="-100" style="Default" rotation="0" justify="left" flipped="False" hidden="False" data="DC_FEED_+_RF_GND/GND" />
      <text name="pindes" originx="140" originy="-80" style="Default" rotation="0" justify="lowerright" flipped="False" hidden="False" data="5" />
    </sympin>
    <sympin number="6" originx="200" originy="-200" rotation="180" length="100" width="7.8740157480315" flipped="False">
      <text name="pinname" originx="230" originy="-200" style="Default" rotation="0" justify="left" flipped="False" hidden="False" data="NC" />
      <text name="pindes" originx="140" originy="-180" style="Default" rotation="0" justify="lowerright" flipped="False" hidden="False" data="6" />
    </sympin>
  </symbol>
  <component name="2450BM14A0002T" designatorprefix="ANT" height="27.55905511811" footprint="2450BM14A0002T">
    <comppin designator="1" sympin="1" pinswap="0" gateswap="0" gate="1" group="1" side="" type="Any" name="UNBALANCED_PORT" />
    <comppin designator="2" sympin="2" pinswap="0" gateswap="0" gate="1" group="1" side="" type="Any" name="GND" />
    <comppin designator="3" sympin="3" pinswap="0" gateswap="0" gate="1" group="1" side="" type="Any" name="BALANCED_PORT_1" />
    <comppin designator="4" sympin="4" pinswap="0" gateswap="0" gate="1" group="1" side="" type="Any" name="BALANCED_PORT_2" />
    <comppin designator="5" sympin="5" pinswap="0" gateswap="0" gate="1" group="1" side="" type="Any" name="DC_FEED_+_RF_GND/GND" />
    <comppin designator="6" sympin="6" pinswap="0" gateswap="0" gate="1" group="1" side="" type="Any" name="NC" />
    <attached_symbol gate="1" name="2450BM14A0002T" />
    <pinmap designator="1" footprintpin="1" />
    <pinmap designator="2" footprintpin="2" />
    <pinmap designator="3" footprintpin="3" />
    <pinmap designator="4" footprintpin="4" />
    <pinmap designator="5" footprintpin="5" />
    <pinmap designator="6" footprintpin="6" />
    <text name="Datasheet" originx="0" originy="0" style="Default" rotation="0" justify="" flipped="False" hidden="True" data="https://www.mouser.com/datasheet/2/611/2450BM14A0002T-1215760.pdf" />
    <text name="Description" originx="0" originy="0" style="Default" rotation="0" justify="" flipped="False" hidden="True" data="JOHANSON TECHNOLOGY - 2450BM14A0002T - BALUN, 2.45GHZ, IMPEDANCE MATCHED" />
    <text name="Manufacturer_Name" originx="0" originy="0" style="Default" rotation="0" justify="" flipped="False" hidden="True" data="JOHANSON TECHNOLOGY" />
    <text name="Manufacturer_Part_Number" originx="2350" originy="200" style="Default" rotation="0" justify="left" flipped="False" hidden="False" data="2450BM14A0002T" />
    <text name="Mouser Part Number" originx="0" originy="0" style="Default" rotation="0" justify="" flipped="False" hidden="True" data="609-2450BM14A0002T" />
    <text name="Mouser Price/Stock" originx="0" originy="0" style="Default" rotation="0" justify="" flipped="False" hidden="True" data="https://www.mouser.co.uk/ProductDetail/Johanson-Technology/2450BM14A0002T/?qs=yCnrNFeXz%252Bjc2NrpGmrycg%3D%3D" />
    <text name="Arrow Part Number" originx="0" originy="0" style="Default" rotation="0" justify="" flipped="False" hidden="True" data="2450BM14A0002T" />
    <text name="Arrow Price/Stock" originx="0" originy="0" style="Default" rotation="0" justify="" flipped="False" hidden="True" data="https://www.arrow.com/en/products/2450bm14a0002t/johanson-dielectrics" />
  </component>
</quadcept_library>
