<?xml version="1.0" encoding="utf-8"?>
<!--/11673731/213367/2.48/4/4/Connector/-->
<quadcept_library>
  <setting unit="mil" />
  <textstyle name="Default" height="47.244094488189" strokewidth="7.8740157480315" charwidth="47.244094488189" />
  <textstyle name="Dimension" height="19.6850393700787" strokewidth="0" charwidth="19.6850393700787" />
  <textstyle name="H127W0635TH00762" height="50" strokewidth="3" charwidth="25" />
  <textstyle name="H15W15TH02" height="59.0551181102362" strokewidth="7.8740157480315" charwidth="59.0551181102362" />
  <padstyle name="c140_h90" surface="False" plated="True" isvia="False" nopaste="True" nomask="True" complex="False" holesize="35.433070866141">
    <padshape layer="TOP" shape="round" width="55.11811023622" height="55.11811023622" />
    <padshape layer="TOP_SOLDER_MASK" shape="round" width="62.992125984251" height="62.992125984251" />
    <padshape layer="INNER" shape="round" width="55.11811023622" height="55.11811023622" />
    <padshape layer="BOTTOM" shape="round" width="55.11811023622" height="55.11811023622" />
    <padshape layer="BOTTOM_SOLDER_MASK" shape="round" width="62.992125984251" height="62.992125984251" />
  </padstyle>
  <padstyle name="c160_h320" surface="False" plated="True" isvia="False" nopaste="True" nomask="True" complex="False" holesize="125.9842519685">
    <padshape layer="TOP" shape="round" width="62.992125984251" height="62.992125984251" />
    <padshape layer="TOP_SOLDER_MASK" shape="round" width="70.866141732283" height="70.866141732283" />
    <padshape layer="INNER" shape="round" width="62.992125984251" height="62.992125984251" />
    <padshape layer="BOTTOM" shape="round" width="62.992125984251" height="62.992125984251" />
    <padshape layer="BOTTOM_SOLDER_MASK" shape="round" width="70.866141732283" height="70.866141732283" />
  </padstyle>
  <footprint name="A20040" originx="0" originy="0" pickpointx="0" pickpointy="0">
    <pcbpin number="1" name="1" style="c140_h90" originx="0" originy="0" rotation="90" />
    <pcbpin number="2" name="2" style="c140_h90" originx="49.999999999999" originy="99.999999999999" rotation="90" />
    <pcbpin number="3" name="3" style="c140_h90" originx="99.999999999999" originy="0" rotation="90" />
    <pcbpin number="4" name="4" style="c140_h90" originx="150" originy="99.999999999999" rotation="90" />
    <pcbpin number="5" name="MH1" style="c160_h320" originx="-74.999999999999" originy="-250" rotation="90" />
    <pcbpin number="6" name="MH2" style="c160_h320" originx="225" originy="-250" rotation="90" />
    <line layer="TOP_ASSEMBLY" originx="-194.68503937008" originy="-663.38582677165" endx="344.68503937007" endy="-663.38582677165" width="7.8740157480314" />
    <line layer="TOP_ASSEMBLY" originx="344.68503937007" originy="-663.38582677165" endx="344.68503937007" endy="147.63779527559" width="7.8740157480314" />
    <line layer="TOP_ASSEMBLY" originx="344.68503937007" originy="147.63779527559" endx="-194.68503937008" endy="147.63779527559" width="7.8740157480314" />
    <line layer="TOP_ASSEMBLY" originx="-194.68503937008" originy="147.63779527559" endx="-194.68503937008" endy="-663.38582677165" width="7.8740157480314" />
    <line layer="TOP_SILKSCREEN" originx="-194.68503937008" originy="147.63779527559" endx="344.68503937007" endy="147.63779527559" width="3.9370078740157" />
    <line layer="TOP_SILKSCREEN" originx="344.68503937007" originy="147.63779527559" endx="344.68503937007" endy="-663.38582677165" width="3.9370078740157" />
    <line layer="TOP_SILKSCREEN" originx="344.68503937007" originy="-663.38582677165" endx="-194.68503937008" endy="-663.38582677165" width="3.9370078740157" />
    <line layer="TOP_SILKSCREEN" originx="-194.68503937008" originy="-663.38582677165" endx="-194.68503937008" endy="147.63779527559" width="3.9370078740157" />
    <line layer="TOP_PLACE_BOUND" originx="-322.83464566929" originy="187.00787401575" endx="384.05511811023" endy="187.00787401575" width="3.9370078740157" />
    <line layer="TOP_PLACE_BOUND" originx="384.05511811023" originy="187.00787401575" endx="384.05511811023" endy="-702.7559055118" width="3.9370078740157" />
    <line layer="TOP_PLACE_BOUND" originx="384.05511811023" originy="-702.7559055118" endx="-322.83464566929" endy="-702.7559055118" width="3.9370078740157" />
    <line layer="TOP_PLACE_BOUND" originx="-322.83464566929" originy="-702.7559055118" endx="-322.83464566929" endy="187.00787401575" width="3.9370078740157" />
    <line layer="TOP_SILKSCREEN" originx="-283.46456692913" originy="0" endx="-283.46456692913" endy="0" width="7.8740157480314" />
    <arc layer="TOP_SILKSCREEN" originx="-281.49606299212" originy="0" startangle="180.0" sweepangle="180.0" radius="1.9685039370079" width="7.8740157480314" />
    <line layer="TOP_SILKSCREEN" originx="-279.52755905511" originy="0" endx="-279.52755905511" endy="0" width="7.8740157480314" />
    <arc layer="TOP_SILKSCREEN" originx="-281.49606299212" originy="0" startangle=".0" sweepangle="180.0" radius="1.9685039370079" width="7.8740157480314" />
    <line layer="TOP_SILKSCREEN" originx="-283.46456692913" originy="0" endx="-283.46456692913" endy="0" width="7.8740157480314" />
    <arc layer="TOP_SILKSCREEN" originx="-281.49606299212" originy="0" startangle="180.0" sweepangle="180.0" radius="1.9685039370079" width="7.8740157480314" />
  </footprint>
  <symbol name="A-20040" originx="0" originy="0">
    <line originx="200" originy="100" endx="600" endy="100" width="0" />
    <line originx="600" originy="-200" endx="600" endy="100" width="0" />
    <line originx="600" originy="-200" endx="200" endy="-200" width="0" />
    <line originx="200" originy="100" endx="200" endy="-200" width="0" />
    <sympin number="1" originx="200" originy="0" rotation="180" length="100" width="7.8740157480315" flipped="False">
      <text name="pinname" originx="230" originy="0" style="Default" rotation="0" justify="left" flipped="False" hidden="False" data="1" />
      <text name="pindes" originx="140" originy="20" style="Default" rotation="0" justify="lowerright" flipped="False" hidden="False" data="1" />
    </sympin>
    <sympin number="2" originx="600" originy="0" rotation="0" length="100" width="7.8740157480315" flipped="False">
      <text name="pinname" originx="570" originy="0" style="Default" rotation="0" justify="right" flipped="False" hidden="False" data="2" />
      <text name="pindes" originx="660" originy="20" style="Default" rotation="0" justify="lowerleft" flipped="False" hidden="False" data="2" />
    </sympin>
    <sympin number="3" originx="200" originy="-100" rotation="180" length="100" width="7.8740157480315" flipped="False">
      <text name="pinname" originx="230" originy="-100" style="Default" rotation="0" justify="left" flipped="False" hidden="False" data="3" />
      <text name="pindes" originx="140" originy="-80" style="Default" rotation="0" justify="lowerright" flipped="False" hidden="False" data="3" />
    </sympin>
    <sympin number="4" originx="600" originy="-100" rotation="0" length="100" width="7.8740157480315" flipped="False">
      <text name="pinname" originx="570" originy="-100" style="Default" rotation="0" justify="right" flipped="False" hidden="False" data="4" />
      <text name="pindes" originx="660" originy="-80" style="Default" rotation="0" justify="lowerleft" flipped="False" hidden="False" data="4" />
    </sympin>
  </symbol>
  <component name="A-20040" designatorprefix="J" height="629.92125984251" footprint="A20040">
    <comppin designator="1" sympin="1" pinswap="0" gateswap="0" gate="1" group="1" side="" type="Any" name="1" />
    <comppin designator="2" sympin="2" pinswap="0" gateswap="0" gate="1" group="1" side="" type="Any" name="2" />
    <comppin designator="3" sympin="3" pinswap="0" gateswap="0" gate="1" group="1" side="" type="Any" name="3" />
    <comppin designator="4" sympin="4" pinswap="0" gateswap="0" gate="1" group="1" side="" type="Any" name="4" />
    <attached_symbol gate="1" name="A-20040" />
    <pinmap designator="1" footprintpin="1" />
    <pinmap designator="2" footprintpin="2" />
    <pinmap designator="3" footprintpin="3" />
    <pinmap designator="4" footprintpin="4" />
    <text name="Datasheet" originx="0" originy="0" style="Default" rotation="0" justify="" flipped="False" hidden="True" data="http://www.assmann-wsw.com/wo/de/produkte/connectors/modular/detail/1467257/" />
    <text name="Description" originx="0" originy="0" style="Default" rotation="0" justify="" flipped="False" hidden="True" data="CONN MOD JACK 4P4C R/A UNSHLD" />
    <text name="Manufacturer_Name" originx="0" originy="0" style="Default" rotation="0" justify="" flipped="False" hidden="True" data="ASSMANN WSW components GmbH" />
    <text name="Manufacturer_Part_Number" originx="650" originy="200" style="Default" rotation="0" justify="left" flipped="False" hidden="False" data="A-20040" />
    <text name="Mouser Part Number" originx="0" originy="0" style="Default" rotation="0" justify="" flipped="False" hidden="True" data="" />
    <text name="Mouser Price/Stock" originx="0" originy="0" style="Default" rotation="0" justify="" flipped="False" hidden="True" data="" />
    <text name="Arrow Part Number" originx="0" originy="0" style="Default" rotation="0" justify="" flipped="False" hidden="True" data="" />
    <text name="Arrow Price/Stock" originx="0" originy="0" style="Default" rotation="0" justify="" flipped="False" hidden="True" data="" />
  </component>
</quadcept_library>
