<?xml version="1.0" encoding="utf-8"?>
<!--/1039381/213367/2.48/15/4/Switch/-->
<quadcept_library>
  <setting unit="mil" />
  <textstyle name="Default" height="47.244094488189" strokewidth="7.8740157480315" charwidth="47.244094488189" />
  <textstyle name="Dimension" height="19.6850393700787" strokewidth="0" charwidth="19.6850393700787" />
  <textstyle name="H127W0635TH00762" height="50" strokewidth="3" charwidth="25" />
  <textstyle name="H15W15TH02" height="59.0551181102362" strokewidth="7.8740157480315" charwidth="59.0551181102362" />
  <padstyle name="r28_20" surface="True" plated="False" isvia="False" nopaste="False" nomask="True" complex="False" holesize="0">
    <padshape layer="TOP" shape="rectangle" width="7.8740157480314" height="11.023622047244" />
    <padshape layer="TOP_SOLDER_MASK" shape="rectangle" width="15.748031496063" height="18.897637795275" />
    <padshape layer="TOP_SOLDER_PASTE" shape="rectangle" width="7.8740157480314" height="11.023622047244" />
  </padstyle>
  <padstyle name="r100_100" surface="True" plated="False" isvia="False" nopaste="False" nomask="True" complex="False" holesize="0">
    <padshape layer="TOP" shape="rectangle" width="39.370078740157" height="39.370078740157" />
    <padshape layer="TOP_SOLDER_MASK" shape="rectangle" width="47.244094488188" height="47.244094488188" />
    <padshape layer="TOP_SOLDER_PASTE" shape="rectangle" width="39.370078740157" height="39.370078740157" />
  </padstyle>
  <footprint name="SKY13416485LF" originx="0" originy="0" pickpointx="0" pickpointy="0">
    <pcbpin number="1" name="1" style="r28_20" originx="-35.236220472441" originy="26.574803149606" rotation="90" />
    <pcbpin number="2" name="2" style="r28_20" originx="-35.236220472441" originy="8.8582677165353" rotation="90" />
    <pcbpin number="3" name="3" style="r28_20" originx="-35.236220472441" originy="-8.8582677165353" rotation="90" />
    <pcbpin number="4" name="4" style="r28_20" originx="-35.236220472441" originy="-26.574803149606" rotation="90" />
    <pcbpin number="5" name="5" style="r28_20" originx="-15.748031496063" originy="-35.236220472441" rotation="0" />
    <pcbpin number="6" name="6" style="r28_20" originx="0" originy="-35.236220472441" rotation="0" />
    <pcbpin number="7" name="7" style="r28_20" originx="15.748031496063" originy="-35.236220472441" rotation="0" />
    <pcbpin number="8" name="8" style="r28_20" originx="35.236220472441" originy="-26.574803149606" rotation="90" />
    <pcbpin number="9" name="9" style="r28_20" originx="35.236220472441" originy="-8.8582677165353" rotation="90" />
    <pcbpin number="10" name="10" style="r28_20" originx="35.236220472441" originy="8.8582677165353" rotation="90" />
    <pcbpin number="11" name="11" style="r28_20" originx="35.236220472441" originy="26.574803149606" rotation="90" />
    <pcbpin number="12" name="12" style="r28_20" originx="15.748031496063" originy="35.236220472441" rotation="0" />
    <pcbpin number="13" name="13" style="r28_20" originx="0" originy="35.236220472441" rotation="0" />
    <pcbpin number="14" name="14" style="r28_20" originx="-15.748031496063" originy="35.236220472441" rotation="0" />
    <pcbpin number="15" name="15" style="r100_100" originx="0" originy="0" rotation="0" />
    <line layer="TOP_ASSEMBLY" originx="-39.370078740157" originy="39.370078740157" endx="39.370078740157" endy="39.370078740157" width="7.8740157480314" />
    <line layer="TOP_ASSEMBLY" originx="39.370078740157" originy="39.370078740157" endx="39.370078740157" endy="-39.370078740157" width="7.8740157480314" />
    <line layer="TOP_ASSEMBLY" originx="39.370078740157" originy="-39.370078740157" endx="-39.370078740157" endy="-39.370078740157" width="7.8740157480314" />
    <line layer="TOP_ASSEMBLY" originx="-39.370078740157" originy="-39.370078740157" endx="-39.370078740157" endy="39.370078740157" width="7.8740157480314" />
    <line layer="TOP_PLACE_BOUND" originx="-106.29921259842" originy="80.118110236219" endx="80.118110236219" endy="80.118110236219" width="3.9370078740157" />
    <line layer="TOP_PLACE_BOUND" originx="80.118110236219" originy="80.118110236219" endx="80.118110236219" endy="-80.118110236219" width="3.9370078740157" />
    <line layer="TOP_PLACE_BOUND" originx="80.118110236219" originy="-80.118110236219" endx="-106.29921259842" endy="-80.118110236219" width="3.9370078740157" />
    <line layer="TOP_PLACE_BOUND" originx="-106.29921259842" originy="-80.118110236219" endx="-106.29921259842" endy="80.118110236219" width="3.9370078740157" />
    <line layer="TOP_SILKSCREEN" originx="-62.992125984251" originy="31.496062992126" endx="-62.992125984251" endy="31.496062992126" width="7.8740157480314" />
    <arc layer="TOP_SILKSCREEN" originx="-64.960629921259" originy="31.496062992126" startangle=".0" sweepangle="180.0" radius="1.9685039370078" width="7.8740157480314" />
    <line layer="TOP_SILKSCREEN" originx="-66.929133858267" originy="31.496062992126" endx="-66.929133858267" endy="31.496062992126" width="7.8740157480314" />
    <arc layer="TOP_SILKSCREEN" originx="-64.960629921259" originy="31.496062992126" startangle="180.0" sweepangle="180.0" radius="1.9685039370078" width="7.8740157480314" />
  </footprint>
  <symbol name="SKY13416-485LF" originx="0" originy="0">
    <line originx="200" originy="500" endx="900" endy="500" width="0" />
    <line originx="900" originy="-600" endx="900" endy="500" width="0" />
    <line originx="900" originy="-600" endx="200" endy="-600" width="0" />
    <line originx="200" originy="500" endx="200" endy="-600" width="0" />
    <sympin number="1" originx="200" originy="0" rotation="180" length="100" width="7.8740157480315" flipped="False">
      <text name="pinname" originx="230" originy="0" style="Default" rotation="0" justify="left" flipped="False" hidden="False" data="RF5" />
      <text name="pindes" originx="140" originy="20" style="Default" rotation="0" justify="lowerright" flipped="False" hidden="False" data="1" />
    </sympin>
    <sympin number="2" originx="200" originy="-100" rotation="180" length="100" width="7.8740157480315" flipped="False">
      <text name="pinname" originx="230" originy="-100" style="Default" rotation="0" justify="left" flipped="False" hidden="False" data="RF3" />
      <text name="pindes" originx="140" originy="-80" style="Default" rotation="0" justify="lowerright" flipped="False" hidden="False" data="2" />
    </sympin>
    <sympin number="3" originx="200" originy="-200" rotation="180" length="100" width="7.8740157480315" flipped="False">
      <text name="pinname" originx="230" originy="-200" style="Default" rotation="0" justify="left" flipped="False" hidden="False" data="RF1" />
      <text name="pindes" originx="140" originy="-180" style="Default" rotation="0" justify="lowerright" flipped="False" hidden="False" data="3" />
    </sympin>
    <sympin number="4" originx="200" originy="-300" rotation="180" length="100" width="7.8740157480315" flipped="False">
      <text name="pinname" originx="230" originy="-300" style="Default" rotation="0" justify="left" flipped="False" hidden="False" data="VDD" />
      <text name="pindes" originx="140" originy="-280" style="Default" rotation="0" justify="lowerright" flipped="False" hidden="False" data="4" />
    </sympin>
    <sympin number="5" originx="400" originy="-600" rotation="270" length="100" width="7.8740157480315" flipped="False">
      <text name="pinname" originx="400" originy="-570" style="Default" rotation="0" justify="left" flipped="False" hidden="False" data="V3" />
      <text name="pindes" originx="380" originy="-660" style="Default" rotation="0" justify="lowerright" flipped="False" hidden="False" data="5" />
    </sympin>
    <sympin number="6" originx="500" originy="-600" rotation="270" length="100" width="7.8740157480315" flipped="False">
      <text name="pinname" originx="500" originy="-570" style="Default" rotation="0" justify="left" flipped="False" hidden="False" data="V2" />
      <text name="pindes" originx="480" originy="-660" style="Default" rotation="0" justify="lowerright" flipped="False" hidden="False" data="6" />
    </sympin>
    <sympin number="7" originx="600" originy="-600" rotation="270" length="100" width="7.8740157480315" flipped="False">
      <text name="pinname" originx="600" originy="-570" style="Default" rotation="0" justify="left" flipped="False" hidden="False" data="V1" />
      <text name="pindes" originx="580" originy="-660" style="Default" rotation="0" justify="lowerright" flipped="False" hidden="False" data="7" />
    </sympin>
    <sympin number="8" originx="900" originy="-300" rotation="0" length="100" width="7.8740157480315" flipped="False">
      <text name="pinname" originx="870" originy="-300" style="Default" rotation="0" justify="right" flipped="False" hidden="False" data="N/C_1" />
      <text name="pindes" originx="960" originy="-280" style="Default" rotation="0" justify="lowerleft" flipped="False" hidden="False" data="8" />
    </sympin>
    <sympin number="9" originx="900" originy="-200" rotation="0" length="100" width="7.8740157480315" flipped="False">
      <text name="pinname" originx="870" originy="-200" style="Default" rotation="0" justify="right" flipped="False" hidden="False" data="RF2" />
      <text name="pindes" originx="960" originy="-180" style="Default" rotation="0" justify="lowerleft" flipped="False" hidden="False" data="9" />
    </sympin>
    <sympin number="10" originx="900" originy="-100" rotation="0" length="100" width="7.8740157480315" flipped="False">
      <text name="pinname" originx="870" originy="-100" style="Default" rotation="0" justify="right" flipped="False" hidden="False" data="RF4" />
      <text name="pindes" originx="960" originy="-80" style="Default" rotation="0" justify="lowerleft" flipped="False" hidden="False" data="10" />
    </sympin>
    <sympin number="11" originx="900" originy="0" rotation="0" length="100" width="7.8740157480315" flipped="False">
      <text name="pinname" originx="870" originy="0" style="Default" rotation="0" justify="right" flipped="False" hidden="False" data="RF6" />
      <text name="pindes" originx="960" originy="20" style="Default" rotation="0" justify="lowerleft" flipped="False" hidden="False" data="11" />
    </sympin>
    <sympin number="12" originx="700" originy="500" rotation="90" length="100" width="7.8740157480315" flipped="False">
      <text name="pinname" originx="700" originy="470" style="Default" rotation="0" justify="right" flipped="False" hidden="False" data="N/C_2" />
      <text name="pindes" originx="680" originy="560" style="Default" rotation="0" justify="lowerleft" flipped="False" hidden="False" data="12" />
    </sympin>
    <sympin number="13" originx="600" originy="500" rotation="90" length="100" width="7.8740157480315" flipped="False">
      <text name="pinname" originx="600" originy="470" style="Default" rotation="0" justify="right" flipped="False" hidden="False" data="ANT" />
      <text name="pindes" originx="580" originy="560" style="Default" rotation="0" justify="lowerleft" flipped="False" hidden="False" data="13" />
    </sympin>
    <sympin number="14" originx="500" originy="500" rotation="90" length="100" width="7.8740157480315" flipped="False">
      <text name="pinname" originx="500" originy="470" style="Default" rotation="0" justify="right" flipped="False" hidden="False" data="N/C_3" />
      <text name="pindes" originx="480" originy="560" style="Default" rotation="0" justify="lowerleft" flipped="False" hidden="False" data="14" />
    </sympin>
    <sympin number="15" originx="400" originy="500" rotation="90" length="100" width="7.8740157480315" flipped="False">
      <text name="pinname" originx="400" originy="470" style="Default" rotation="0" justify="right" flipped="False" hidden="False" data="EP" />
      <text name="pindes" originx="380" originy="560" style="Default" rotation="0" justify="lowerleft" flipped="False" hidden="False" data="15" />
    </sympin>
  </symbol>
  <component name="SKY13416-485LF" designatorprefix="S" height="23.622047244094" footprint="SKY13416485LF">
    <comppin designator="1" sympin="1" pinswap="0" gateswap="0" gate="1" group="1" side="" type="Any" name="RF5" />
    <comppin designator="2" sympin="2" pinswap="0" gateswap="0" gate="1" group="1" side="" type="Any" name="RF3" />
    <comppin designator="3" sympin="3" pinswap="0" gateswap="0" gate="1" group="1" side="" type="Any" name="RF1" />
    <comppin designator="4" sympin="4" pinswap="0" gateswap="0" gate="1" group="1" side="" type="Any" name="VDD" />
    <comppin designator="5" sympin="5" pinswap="0" gateswap="0" gate="1" group="1" side="" type="Any" name="V3" />
    <comppin designator="6" sympin="6" pinswap="0" gateswap="0" gate="1" group="1" side="" type="Any" name="V2" />
    <comppin designator="7" sympin="7" pinswap="0" gateswap="0" gate="1" group="1" side="" type="Any" name="V1" />
    <comppin designator="8" sympin="8" pinswap="0" gateswap="0" gate="1" group="1" side="" type="Any" name="N/C_1" />
    <comppin designator="9" sympin="9" pinswap="0" gateswap="0" gate="1" group="1" side="" type="Any" name="RF2" />
    <comppin designator="10" sympin="10" pinswap="0" gateswap="0" gate="1" group="1" side="" type="Any" name="RF4" />
    <comppin designator="11" sympin="11" pinswap="0" gateswap="0" gate="1" group="1" side="" type="Any" name="RF6" />
    <comppin designator="12" sympin="12" pinswap="0" gateswap="0" gate="1" group="1" side="" type="Any" name="N/C_2" />
    <comppin designator="13" sympin="13" pinswap="0" gateswap="0" gate="1" group="1" side="" type="Any" name="ANT" />
    <comppin designator="14" sympin="14" pinswap="0" gateswap="0" gate="1" group="1" side="" type="Any" name="N/C_3" />
    <comppin designator="15" sympin="15" pinswap="0" gateswap="0" gate="1" group="1" side="" type="Any" name="EP" />
    <attached_symbol gate="1" name="SKY13416-485LF" />
    <pinmap designator="1" footprintpin="1" />
    <pinmap designator="2" footprintpin="2" />
    <pinmap designator="3" footprintpin="3" />
    <pinmap designator="4" footprintpin="4" />
    <pinmap designator="5" footprintpin="5" />
    <pinmap designator="6" footprintpin="6" />
    <pinmap designator="7" footprintpin="7" />
    <pinmap designator="8" footprintpin="8" />
    <pinmap designator="9" footprintpin="9" />
    <pinmap designator="10" footprintpin="10" />
    <pinmap designator="11" footprintpin="11" />
    <pinmap designator="12" footprintpin="12" />
    <pinmap designator="13" footprintpin="13" />
    <pinmap designator="14" footprintpin="14" />
    <pinmap designator="15" footprintpin="15" />
    <text name="Datasheet" originx="0" originy="0" style="Default" rotation="0" justify="" flipped="False" hidden="True" data="https://www.skyworksinc.com/-/media/SkyWorks/Documents/Products/701-800/SKY13416_485LF_201679I.pdf" />
    <text name="Description" originx="0" originy="0" style="Default" rotation="0" justify="" flipped="False" hidden="True" data="RF Switch ICs 100-3000MHz SP6T IL .45dB Iso &gt;31dB" />
    <text name="Manufacturer_Name" originx="0" originy="0" style="Default" rotation="0" justify="" flipped="False" hidden="True" data="Skyworks" />
    <text name="Manufacturer_Part_Number" originx="950" originy="600" style="Default" rotation="0" justify="left" flipped="False" hidden="False" data="SKY13416-485LF" />
    <text name="Mouser Part Number" originx="0" originy="0" style="Default" rotation="0" justify="" flipped="False" hidden="True" data="873-SKY13416-485LF" />
    <text name="Mouser Price/Stock" originx="0" originy="0" style="Default" rotation="0" justify="" flipped="False" hidden="True" data="https://www.mouser.co.uk/ProductDetail/Skyworks-Solutions-Inc/SKY13416-485LF/?qs=aD6bdfC8ElNdBSYoTtXeyg%3D%3D" />
    <text name="Arrow Part Number" originx="0" originy="0" style="Default" rotation="0" justify="" flipped="False" hidden="True" data="" />
    <text name="Arrow Price/Stock" originx="0" originy="0" style="Default" rotation="0" justify="" flipped="False" hidden="True" data="" />
  </component>
</quadcept_library>
