<?xml version="1.0" encoding="utf-8"?>
<!--/562973/213367/2.49/6/4/Integrated Circuit/-->
<quadcept_library>
  <setting unit="mil" />
  <textstyle name="Default" height="47.244094488189" strokewidth="7.8740157480315" charwidth="47.244094488189" />
  <textstyle name="Dimension" height="19.6850393700787" strokewidth="0" charwidth="19.6850393700787" />
  <textstyle name="H127W0635TH00762" height="50" strokewidth="3" charwidth="25" />
  <textstyle name="H15W15TH02" height="59.0551181102362" strokewidth="7.8740157480315" charwidth="59.0551181102362" />
  <padstyle name="r105_30" surface="True" plated="False" isvia="False" nopaste="False" nomask="True" complex="False" holesize="0">
    <padshape layer="TOP" shape="rectangle" width="11.811023622047" height="41.338582677165" />
    <padshape layer="TOP_SOLDER_MASK" shape="rectangle" width="19.685039370078" height="49.212598425196" />
    <padshape layer="TOP_SOLDER_PASTE" shape="rectangle" width="11.811023622047" height="41.338582677165" />
  </padstyle>
  <footprint name="SON50P150X150X80-6N" originx="0" originy="0" pickpointx="0" pickpointy="0">
    <pcbpin number="1" name="1" style="r105_30" originx="-23.622047244094" originy="19.685039370078" rotation="90" />
    <pcbpin number="2" name="2" style="r105_30" originx="-23.622047244094" originy="0" rotation="90" />
    <pcbpin number="3" name="3" style="r105_30" originx="-23.622047244094" originy="-19.685039370078" rotation="90" />
    <pcbpin number="4" name="4" style="r105_30" originx="23.622047244094" originy="-19.685039370078" rotation="90" />
    <pcbpin number="5" name="5" style="r105_30" originx="23.622047244094" originy="0" rotation="90" />
    <pcbpin number="6" name="6" style="r105_30" originx="23.622047244094" originy="19.685039370078" rotation="90" />
    <line layer="TOP_PLACE_BOUND" originx="-54.133858267716" originy="40.354330708661" endx="54.133858267716" endy="40.354330708661" width="1.9685039370079" />
    <line layer="TOP_PLACE_BOUND" originx="54.133858267716" originy="40.354330708661" endx="54.133858267716" endy="-40.354330708661" width="1.9685039370079" />
    <line layer="TOP_PLACE_BOUND" originx="54.133858267716" originy="-40.354330708661" endx="-54.133858267716" endy="-40.354330708661" width="1.9685039370079" />
    <line layer="TOP_PLACE_BOUND" originx="-54.133858267716" originy="-40.354330708661" endx="-54.133858267716" endy="40.354330708661" width="1.9685039370079" />
    <line layer="TOP_ASSEMBLY" originx="-29.527559055118" originy="29.527559055118" endx="29.527559055118" endy="29.527559055118" width="3.9370078740157" />
    <line layer="TOP_ASSEMBLY" originx="29.527559055118" originy="29.527559055118" endx="29.527559055118" endy="-29.527559055118" width="3.9370078740157" />
    <line layer="TOP_ASSEMBLY" originx="29.527559055118" originy="-29.527559055118" endx="-29.527559055118" endy="-29.527559055118" width="3.9370078740157" />
    <line layer="TOP_ASSEMBLY" originx="-29.527559055118" originy="-29.527559055118" endx="-29.527559055118" endy="29.527559055118" width="3.9370078740157" />
    <line layer="TOP_ASSEMBLY" originx="-29.527559055118" originy="14.763779527559" endx="-14.763779527559" endy="29.527559055118" width="3.9370078740157" />
    <arc layer="TOP_SILKSCREEN" originx="-44.291338582677" originy="45.275590551181" startangle="180" sweepangle="180" radius="4.9212598425196" width="9.8425196850392" />
    <arc layer="TOP_SILKSCREEN" originx="-44.291338582677" originy="45.275590551181" startangle="180" sweepangle="-180" radius="4.9212598425196" width="9.8425196850392" />
  </footprint>
  <symbol name="BQ29732DSER" originx="0" originy="0">
    <line originx="200" originy="100" endx="900" endy="100" width="0" />
    <line originx="900" originy="-300" endx="900" endy="100" width="0" />
    <line originx="900" originy="-300" endx="200" endy="-300" width="0" />
    <line originx="200" originy="100" endx="200" endy="-300" width="0" />
    <sympin number="1" originx="200" originy="0" rotation="180" length="100" width="7.8740157480315" flipped="False">
      <text name="pinname" originx="230" originy="0" style="Default" rotation="0" justify="left" flipped="False" hidden="False" data="N/C" />
      <text name="pindes" originx="140" originy="20" style="Default" rotation="0" justify="lowerright" flipped="False" hidden="False" data="1" />
    </sympin>
    <sympin number="2" originx="200" originy="-100" rotation="180" length="100" width="7.8740157480315" flipped="False">
      <text name="pinname" originx="230" originy="-100" style="Default" rotation="0" justify="left" flipped="False" hidden="False" data="COUT" />
      <text name="pindes" originx="140" originy="-80" style="Default" rotation="0" justify="lowerright" flipped="False" hidden="False" data="2" />
    </sympin>
    <sympin number="3" originx="200" originy="-200" rotation="180" length="100" width="7.8740157480315" flipped="False">
      <text name="pinname" originx="230" originy="-200" style="Default" rotation="0" justify="left" flipped="False" hidden="False" data="DOUT" />
      <text name="pindes" originx="140" originy="-180" style="Default" rotation="0" justify="lowerright" flipped="False" hidden="False" data="3" />
    </sympin>
    <sympin number="6" originx="900" originy="0" rotation="0" length="100" width="7.8740157480315" flipped="False">
      <text name="pinname" originx="870" originy="0" style="Default" rotation="0" justify="right" flipped="False" hidden="False" data="V-" />
      <text name="pindes" originx="960" originy="20" style="Default" rotation="0" justify="lowerleft" flipped="False" hidden="False" data="6" />
    </sympin>
    <sympin number="5" originx="900" originy="-100" rotation="0" length="100" width="7.8740157480315" flipped="False">
      <text name="pinname" originx="870" originy="-100" style="Default" rotation="0" justify="right" flipped="False" hidden="False" data="BAT" />
      <text name="pindes" originx="960" originy="-80" style="Default" rotation="0" justify="lowerleft" flipped="False" hidden="False" data="5" />
    </sympin>
    <sympin number="4" originx="900" originy="-200" rotation="0" length="100" width="7.8740157480315" flipped="False">
      <text name="pinname" originx="870" originy="-200" style="Default" rotation="0" justify="right" flipped="False" hidden="False" data="VSS" />
      <text name="pindes" originx="960" originy="-180" style="Default" rotation="0" justify="lowerleft" flipped="False" hidden="False" data="4" />
    </sympin>
  </symbol>
  <component name="BQ29732DSER" designatorprefix="IC" height="31.496062992126" footprint="SON50P150X150X80-6N">
    <comppin designator="1" sympin="1" pinswap="0" gateswap="0" gate="1" group="1" side="" type="Any" name="N/C" />
    <comppin designator="2" sympin="2" pinswap="0" gateswap="0" gate="1" group="1" side="" type="Output" name="COUT" />
    <comppin designator="3" sympin="3" pinswap="0" gateswap="0" gate="1" group="1" side="" type="Output" name="DOUT" />
    <comppin designator="4" sympin="4" pinswap="0" gateswap="0" gate="1" group="1" side="" type="Power" name="VSS" />
    <comppin designator="5" sympin="5" pinswap="0" gateswap="0" gate="1" group="1" side="" type="Power" name="BAT" />
    <comppin designator="6" sympin="6" pinswap="0" gateswap="0" gate="1" group="1" side="" type="Bi-Directional" name="V-" />
    <attached_symbol gate="1" name="BQ29732DSER" />
    <pinmap designator="1" footprintpin="1" />
    <pinmap designator="2" footprintpin="2" />
    <pinmap designator="3" footprintpin="3" />
    <pinmap designator="4" footprintpin="4" />
    <pinmap designator="5" footprintpin="5" />
    <pinmap designator="6" footprintpin="6" />
    <text name="Datasheet" originx="0" originy="0" style="Default" rotation="0" justify="" flipped="False" hidden="True" data="http://www.ti.com/lit/gpn/bq2973" />
    <text name="Description" originx="0" originy="0" style="Default" rotation="0" justify="" flipped="False" hidden="True" data="Li-Ion/Li Polymer Advanced Single-Cell Battery Protector IC Family" />
    <text name="Manufacturer_Name" originx="0" originy="0" style="Default" rotation="0" justify="" flipped="False" hidden="True" data="Texas Instruments" />
    <text name="Manufacturer_Part_Number" originx="950" originy="200" style="Default" rotation="0" justify="left" flipped="False" hidden="False" data="BQ29732DSER" />
    <text name="Mouser Part Number" originx="0" originy="0" style="Default" rotation="0" justify="" flipped="False" hidden="True" data="595-BQ29732DSER" />
    <text name="Mouser Price/Stock" originx="0" originy="0" style="Default" rotation="0" justify="" flipped="False" hidden="True" data="https://www.mouser.co.uk/ProductDetail/Texas-Instruments/BQ29732DSER?qs=HjC056NR38EUdABiMgTGbg%3D%3D" />
    <text name="Arrow Part Number" originx="0" originy="0" style="Default" rotation="0" justify="" flipped="False" hidden="True" data="BQ29732DSER" />
    <text name="Arrow Price/Stock" originx="0" originy="0" style="Default" rotation="0" justify="" flipped="False" hidden="True" data="https://www.arrow.com/en/products/bq29732dser/texas-instruments?region=nac" />
  </component>
</quadcept_library>
